Date,Name,Age,Position,Nationality,Club Left,League Left,Club Joined,League Joined,Market Valuation,Transfer
"Nov 15, 2006",Mark Wilson,27,Central Midfield,England,"
Without Club ",,"
Doncaster ",,"1,75 mil. €",-
"Nov 16, 2006",Hamed Kavianpour,27,Central Midfield,Iran,"
Kayserispor ", Süper Lig ,"
Steel Azin ",,700 K €,Free transfer
"Nov 17, 2006",Liam Lawrence,24,Attacking Midfield,Ireland,"
Sunderland ", Championship ,"
Stoke City ",,800 K €,500 K €
"Nov 20, 2006",Norbert Tóth,30,Left Midfield,Hungary,"
Without Club ",,"
Rákospalota ",,50 K €,-
"Nov 22, 2006",Adam Birchall,21,Centre-Forward,Wales,"
Mansfield Town ", League Two ,"
Barnet ",,100 K €,Free transfer
"Nov 22, 2006",Paul Butler,34,Centre-Back,Ireland,"
Leeds ", Championship ,"
MK Dons ",,"2,00 mil. €",Free transfer
"Dec 1, 2006",Tomasz Klos,33,Centre-Back,Poland,"
Wisla Kraków ", Ekstraklasa ,"
LKS Lodz ",,675 K €,Free transfer
"Dec 1, 2006",Dirk Schuster,38,Centre-Back,Germany,"
ASV Durlach ", VL Nordbaden ,"
FC Wilferdingen ",,50 K €,Free transfer
"Dec 1, 2006",Andreas Haas,24,Centre-Forward,Germany,"
TSG Hoffenheim ", Regionalliga Süd ,"
FK Pirmasens ",,75 K €,Free transfer
"Dec 1, 2006",Torsten Reuter,24,Defensive Midfield,Germany,"
Saarbrücken ", Regionalliga Süd ,"
Wehen Wiesbaden ",,400 K €,Free transfer
"Dec 1, 2006",Edwin Bediako,26,Centre-Back,Ghana,"
Rot Weiss Ahlen ", Regionalliga Nord ,"
SV Elversberg ",,100 K €,Free transfer
"Dec 1, 2006",Kai Hillmann,29,Goalkeeper,Germany,"
RFCU Luxembourg ", BGL Ligue ,"
FSV Salmrohr ",,150 K €,Free transfer
"Dec 1, 2006",Sven Lintjens,30,Attacking Midfield,Germany,"
Saarbrücken ", Regionalliga Süd ,"
MVV Maastricht ",,600 K €,Free transfer
"Dec 1, 2006",Carlo Taldo,34,Centre-Forward,Italy,"
Tritium ", Italy		,"
Legnano ",,300 K €,Free transfer
"Dec 1, 2006",Joe Cannon,31,Goalkeeper,United States,"
Colorado ", MLS ,"
LA Galaxy ",,600 K €,Free transfer
"Dec 1, 2006",Tarik Bouhraoua,22,Central Midfield,Germany,"
FC Nöttingen ", Oberliga Ba-Wü ,"
1.FC Pforzheim ",,50 K €,Free transfer
"Dec 1, 2006",Stephan Schulz-Winge,32,Midfielder,Germany,"
1.FC Kleve ", Oberliga Nordrhein ,"
TuRU Düsseldorf ",,75 K €,Free transfer
"Dec 1, 2006",Martin Reeves,25,Midfielder,England,"
Nuneaton ", England		,"
Hucknall Town FC ",,50 K €,Free transfer
"Dec 1, 2006",Andy McLaren,33,Left Winger,Scotland,"
Dundee FC ", Championship ,"
Ayr United ",,100 K €,Free transfer
"Dec 1, 2006",Craig Brewster,39,Centre-Forward,Scotland,"
Dundee United ", Premiership ,"
Aberdeen FC ",,50 K €,Free transfer
"Dec 1, 2006",Rui Dolores,28,Left Winger,Portugal,"
Paços Ferreira ", Liga NOS ,"
US Créteil ",,"1,00 mil. €",Free transfer
"Dec 1, 2006",Darran Thomson,22,Left-Back,Scotland,"
Cowdenbeath FC ", Scotland		,"
Bonnyrigg ",,50 K €,Free transfer
"Dec 1, 2006",Gottfried Janisch,24,Central Midfield,Austria,"
Sturm Graz ", Bundesliga ,"
FC Gratkorn ",,50 K €,Free transfer
"Dec 1, 2006",Thomas Gellner,21,Defender,Germany,"
Wehen Wiesbaden ", Regionalliga Süd ,"
FC Spandau 06 ",,100 K €,Free transfer
"Dec 1, 2006",Émerson,31,Centre-Back,Brazil,"
Paraná ", Série A ,"
Ponte Preta ",,600 K €,Free transfer
"Dec 1, 2006",Sébastien Méoli,26,Centre-Back,Switzerland,"
FC Sion ", Super League ,"
Yverdon-Sport ",,125 K €,Free transfer
"Dec 1, 2006",Mirza Jelecák,23,Centre-Forward,Sweden,"
Örebro SK ", Sweden		,"
Landskrona ",,425 K €,Free transfer
"Dec 1, 2006",Ante Covic,31,Goalkeeper,Australia,"
Hammarby ", Allsvenskan ,"
Newcastle ",,750 K €,Free transfer
"Dec 1, 2006",Catatau,20,Centre-Forward,Brazil,"
Paysandu ", Brazil		,"
Santo André ",,750 K €,Free transfer
"Dec 1, 2006",Patrick Schröder,20,Attacking Midfield,<td class=,"
1.FC Burg ", Germany		,"
SVGO Bremen ",,50 K €,Free transfer
"Dec 1, 2006",Grzegorz Wedzynski,36,Central Midfield,Poland,"
Gornik Leczna ", Ekstraklasa ,"
Pol. Warsaw ",,100 K €,Free transfer
"Dec 3, 2006",Leonardo Pisculichi,22,Attacking Midfield,Argentina,"
RCD Mallorca ", LaLiga ,"
Al Arabi ",,"1,75 mil. €","3,60 mil. €"
"Dec 4, 2006",Clayton,32,Left-Back,Tunisia,"
Sakaryaspor ", Süper Lig ,"
Stade Gabèsien ",,"1,10 mil. €",?
"Dec 7, 2006",Liam Needham,21,Left Midfield,England,"
Notts County ", League Two ,"
Gainsborough Trinity ",,50 K €,?
"Dec 11, 2006",Freddy Adu,17,Attacking Midfield,United States,"
D.C. United ", MLS ,"
Salt Lake ",,"1,50 mil. €",?
"Dec 19, 2006",Florian Jarjat,26,Centre-Back,France,"
SC Bastia ", Ligue 2 ,"
Dijon ",,"1,00 mil. €",?
"Dec 20, 2006",Alessandro Cambalhota,33,Right Winger,Brazil,"
Denizlispor ", Süper Lig ,"
Guaratinguetá ",,700 K €,Free transfer
"Dec 20, 2006",Bjarki Gunnlaugsson,33,Attacking Midfield,Iceland,"
ÍA Akranes ", Pepsi Max deild ,"
Hafnarfjördur ",,250 K €,?
"Dec 21, 2006",Olivier Sorin,25,Goalkeeper,France,"
AS Nancy ", Ligue 1 ,"
AJ Auxerre ",,200 K €,"1,30 mil. €"
"Dec 22, 2006",Steven Lustü,35,Centre-Back,Denmark,"
FK Lyn ", Eliteserien ,"
Silkeborg IF ",,500 K €,500 K €
"Dec 29, 2006",Nathan Abbey,28,Goalkeeper,England,"
Torquay United ", League Two ,"
Brentford ",,125 K €,Free transfer
"Dec 30, 2006",Adailton,23,Centre-Back,Brazil,"
Stade Rennais ", Ligue 1 ,"
Santos FC ",,"3,00 mil. €","1,50 mil. €"
"Dec 30, 2006",Remo Staubli,18,Right Midfield,Switzerland,"
FC Zürich U21 ", 1.Liga gr. 3 ,"
FC Zürich ",,50 K €,-
"Dec 31, 2006",Matthew Turner,25,Forward,England,"
Carlton Town ", England		,"
Retired ",,50 K €,-
"Jan 1, 2007",Fernando Gago,20,Defensive Midfield,Argentina,"
Boca Juniors ", Torneo Final ,"
Real Madrid ",,"12,00 mil. €","20,50 mil. €"
"Jan 1, 2007",Gonzalo Higuaín,19,Centre-Forward,Argentina,"
River Plate ", Torneo Final ,"
Real Madrid ",,"12,00 mil. €","12,00 mil. €"
"Jan 1, 2007",Matías Fernández,20,Attacking Midfield,Chile,"
Colo Colo ", Chile		,"
Villarreal ",,"11,00 mil. €","8,70 mil. €"
"Jan 1, 2007",Alejandro Domínguez,25,Attacking Midfield,Argentina,"
Rubin Kazan ", Premier Liga ,"
Zenit S-Pb ",,"7,00 mil. €","7,00 mil. €"
"Jan 1, 2007",Luís Boa Morte,29,Left Midfield,Portugal,"
Fulham ", Premier League ,"
West Ham ",,"3,50 mil. €","6,80 mil. €"
"Jan 1, 2007",Marcelo,18,Left-Back,Brazil,"
Fluminense ", Série A ,"
Real Madrid ",,"6,50 mil. €","6,50 mil. €"
"Jan 1, 2007",Pavel Pogrebnyak,23,Centre-Forward,Russia,"
Tom Tomsk ", Premier Liga ,"
Zenit S-Pb ",,"2,50 mil. €","5,00 mil. €"
"Jan 1, 2007",Aleksandr Kerzhakov,24,Centre-Forward,Russia,"
Zenit S-Pb ", Premier Liga ,"
Sevilla FC ",,"7,50 mil. €","5,00 mil. €"
"Jan 1, 2007",Greg Halford,22,Centre-Back,England,"
Colchester Utd. ", Championship ,"
Reading ",,400 K €,"4,50 mil. €"
"Jan 1, 2007",Calum Davenport,24,Centre-Back,England,"
Spurs ", Premier League ,"
West Ham ",,"1,50 mil. €","4,20 mil. €"
"Jan 1, 2007",Milan Bisevac,23,Centre-Back,Serbia,"
Red Star ", Super liga Srbije ,"
Lens ",,"1,00 mil. €","4,10 mil. €"
"Jan 1, 2007",Caner Erkin,18,Left-Back,Turkey,"
Manisaspor ", Süper Lig ,"
CSKA Moscow ",,"4,00 mil. €","4,00 mil. €"
"Jan 1, 2007",Matthew Kilgallon,22,Centre-Back,England,"
Leeds ", Championship ,"
Sheffield Utd. ",,100 K €,"3,80 mil. €"
"Jan 1, 2007",Francisco Fonseca,27,Centre-Forward,Mexico,"
Benfica ", Liga NOS ,"
Tigres UANL ",,"2,50 mil. €","3,80 mil. €"
"Jan 1, 2007",Rodolfo,24,Centre-Back,Brazil,"
Dynamo Kyiv ", Premier Liga ,"
Loko Moscow ",,"2,50 mil. €","3,70 mil. €"
"Jan 1, 2007",Ivan Pelizzoli,26,Goalkeeper,Italy,"
Reggina ", Serie A ,"
Loko Moscow ",,"3,00 mil. €","3,00 mil. €"
"Jan 1, 2007",Kevin Thomson,22,Central Midfield,Scotland,"
Hibernian FC ", Premiership ,"
Rangers ",,450 K €,"3,00 mil. €"
"Jan 1, 2007",Aílton,22,Centre-Forward,Brazil,"
Örgryte ", Superettan ,"
FC Copenhagen ",,"1,00 mil. €","3,00 mil. €"
"Jan 1, 2007",Marcelinho Paraíba,31,Attacking Midfield,Brazil,"
Trabzonspor ", Süper Lig ,"
VfL Wolfsburg ",,"10,00 mil. €","2,75 mil. €"
"Jan 1, 2007",Yuki Abe,25,Defensive Midfield,Japan,"
JEF Utd. Chiba ", J1 League ,"
Urawa Reds ",,400 K €,"2,70 mil. €"
"Jan 1, 2007",Luton Shelton,21,Left Winger,Jamaica,"
Helsingborg ", Allsvenskan ,"
Sheffield Utd. ",,"1,30 mil. €","2,70 mil. €"
"Jan 1, 2007",Matías Vuoso,25,Centre-Forward,Mexico,"
América ", Liga MX Clausura ,"
Santos Laguna ",,"2,00 mil. €","2,65 mil. €"
"Jan 1, 2007",Razvan Cocis,23,Central Midfield,Romania,"
Sheriff ", Moldova		,"
Loko Moscow ",,325 K €,"2,60 mil. €"
"Jan 1, 2007",Rowan Vine,24,Centre-Forward,England,"
Luton ", Championship ,"
Birmingham ",,650 K €,"2,50 mil. €"
"Jan 1, 2007",Marc-Antoine Fortuné,25,Centre-Forward,French Guiana,"
FC Utrecht ", Eredivisie ,"
AS Nancy ",,450 K €,"2,30 mil. €"
"Jan 2, 2007",Carlos Edwards,28,Right-Back,Trinidad and Tobago,"
Luton ", Championship ,"
Sunderland ",,350 K €,"2,10 mil. €"
"Jan 2, 2007",Márton Fülöp,23,Goalkeeper,Hungary,"
Spurs ", Premier League ,"
Sunderland ",,400 K €,750 K €
"Jan 2, 2007",Craig Morgan,21,Centre-Back,Wales,"
MK Dons ", League Two ,"
Peterborough ",,425 K €,75 K €
"Jan 2, 2007",Massimo Maccarone,27,Centre-Forward,Italy,"
Middlesbrough ", Premier League ,"
Siena ",,"3,50 mil. €",Free transfer
"Jan 2, 2007",Luis Saritama,23,Attacking Midfield,Ecuador,"
Tigres UANL ", Liga MX Clausura ,"
América ",,600 K €,Free transfer
"Jan 3, 2007",Luke Chadwick,26,Attacking Midfield,England,"
Stoke City ", Championship ,"
Norwich ",,100 K €,300 K €
"Jan 3, 2007",Alton Thelwell,26,Centre-Back,England,"
Hull City ", Championship ,"
Leyton Orient ",,300 K €,40 K €
"Jan 3, 2007",Nico Frommer,28,Centre-Forward,Germany,"
Unterhaching ", 2. Bundesliga ,"
VfL Osnabrück ",,150 K €,Free transfer
"Jan 3, 2007",Yasin Celik,31,Right-Back,Turkey,"
Without Club ",,"
Ankaragücü ",,500 K €,-
"Jan 4, 2007",Leandro Grimi,21,Left-Back,Argentina,"
Racing Club ", Torneo Final ,"
AC Milan ",,"2,00 mil. €","2,50 mil. €"
"Jan 4, 2007",Alexander Baumjohann,19,Attacking Midfield,Germany,"
FC Schalke 04 ", Bundesliga ,"
Bor. M'gladbach ",,100 K €,250 K €
"Jan 4, 2007",Metin Telle,26,Centre-Forward,Turkey,"
FC Nöttingen ", Oberliga Ba-Wü ,"
Alanyaspor ",,75 K €,Free transfer
"Jan 4, 2007",Ümit Erbay,26,Central Midfield,Austria,"
Eisenstadt ", Regional League East ,"
Kartalspor ",,50 K €,Free transfer
"Jan 4, 2007",Jean-Emmanuel Effa-Owona,23,Centre-Forward,Cameroon,"
Malatyaspor ", 1.Lig ,"
US Créteil ",,650 K €,Free transfer
"Jan 4, 2007",Jan Moons,36,Goalkeeper,Belgium,"
KRC Genk ", Jupiler Pro League ,"
Lierse SK ",,500 K €,Free transfer
"Jan 4, 2007",Lilian Laslandes,35,Centre-Forward,France,"
G. Bordeaux ", Ligue 1 ,"
OGC Nice ",,"1,00 mil. €",?
"Jan 4, 2007",Alper Mutlu Özel,30,Goalkeeper,Turkey,"
Without Club ",,"
Kücükköyspor ",,500 K €,-
"Jan 5, 2007",Frank Rost,33,Goalkeeper,Germany,"
FC Schalke 04 ", Bundesliga ,"
Hamburger SV ",,"5,00 mil. €","1,50 mil. €"
"Jan 5, 2007",Ufuk Ates,28,Centre-Forward,Turkey,"
Konyaspor ", Süper Lig ,"
Basaksehir ",,500 K €,300 K €
"Jan 5, 2007",Christian Negouai,28,Defensive Midfield,Martinique,"
Aalesund ", Eliteserien ,"
RWDM Brussels ",,700 K €,Free transfer
"Jan 5, 2007",Mustafa Yalcinkaya,25,Right-Back,Turkey,"
Osmanlispor ", Süper Lig ,"
Mardinspor ",,"1,00 mil. €",Free transfer
"Jan 5, 2007",Stephen Dobbie,24,Centre-Forward,Scotland,"
St. Johnstone ", Championship ,"
Queen o. t. S. ",,125 K €,Free transfer
"Jan 5, 2007",Peter Till,21,Right Midfield,England,"
Birmingham ", Championship ,"
Grimsby Town ",,75 K €,Free transfer
"Jan 5, 2007",Ercan Ünal,24,Centre-Back,Turkey,"
Antalyaspor ", Süper Lig ,"
Mardinspor ",,300 K €,?
"Jan 5, 2007",Sinan Ertan,30,Centre-Forward,Turkey,"
C. Dardanel ", Turkey		,"
Türk Telekom ",,500 K €,?
"Jan 5, 2007",Mehmet Yilmaz,25,Centre-Back,Turkey,"
Istanbulspor ", 1.Lig ,"
Adana Demirspor ",,50 K €,?
"Jan 5, 2007",Srebrenko Posavec,26,Attacking Midfield,Croatia,"
Ankaragücü ", Süper Lig ,"
Slaven Belupo ",,375 K €,?
"Jan 5, 2007",Zafer Demiray,30,Right Midfield,Turkey,"
Without Club ",,"
Bursaspor ",,"1,60 mil. €",-
"Jan 7, 2007",Edú,25,Centre-Forward,Brazil,"
1.FSV Mainz 05 ", Bundesliga ,"
Suwon Bluewings ",,"1,50 mil. €","1,40 mil. €"
"Jan 7, 2007",Tim Sparv,19,Defensive Midfield,Finland,"
Southampton ", Championship ,"
Halmstad ",,200 K €,?
"Jan 8, 2007",Anthony Stokes,18,Centre-Forward,Ireland,"
Arsenal U23 ", England		,"
Sunderland ",,100 K €,"3,00 mil. €"
"Jan 8, 2007",Ali Zitouni,25,Right Winger,Tunisia,"
Esperance ", Ligue I Pro ,"
Antalyaspor ",,250 K €,400 K €
"Jan 8, 2007",Rory McArdle,19,Centre-Back,Northern Ireland,"
Sheff Wed ", Championship ,"
Rochdale ",,50 K €,150 K €
"Jan 8, 2007",Joachim Standfest,26,Right-Back,Austria,"
Grazer AK 1902 ", Bundesliga ,"
Austria Vienna ",,950 K €,Free transfer
"Jan 8, 2007",Patrick Wolf,25,Right Midfield,Austria,"
SV Ried ", Bundesliga ,"
FC Kärnten ",,200 K €,Free transfer
"Jan 8, 2007",Ibrahim Yavuz,24,Right-Back,Turkey,"
Ankaragücü ", Süper Lig ,"
Diyarbakirspor ",,600 K €,?
"Jan 8, 2007",Arif Cem Kayikci,21,Centre-Back,Turkey,"
Ofspor ", Turkey		,"
Balikesirspor ",,200 K €,?
"Jan 9, 2007",Mikkel Thygesen,22,Central Midfield,Denmark,"
FC Midtjylland ", Superligaen ,"
Bor. M'gladbach ",,"1,30 mil. €","1,95 mil. €"
"Jan 9, 2007",Craig Fagan,24,Centre-Forward,England,"
Hull City ", Championship ,"
Derby ",,50 K €,"1,13 mil. €"
"Jan 9, 2007",Hicham Aboucherouane,25,Left Winger,Morocco,"
Raja Casablanca ", Morocco		,"
Esperance ",,"1,50 mil. €",300 K €
"Jan 9, 2007",Neil Harris,29,Centre-Forward,England,"
Nottm Forest ", League One ,"
Millwall ",,650 K €,Free transfer
"Jan 9, 2007",Samir Garci,25,Centre-Forward,Austria,"
Rankweil ", Regionalliga West ,"
Marsaxlokk ",,50 K €,Free transfer
"Jan 9, 2007",Rory Delap,30,Central Midfield,Ireland,"
Sunderland ", Championship ,"
Stoke City ",,"1,00 mil. €",?
"Jan 10, 2007",Luigi Pieroni,26,Centre-Forward,Belgium,"
AJ Auxerre ", Ligue 1 ,"
FC Nantes ",,"4,00 mil. €","2,50 mil. €"
"Jan 10, 2007",Youssouf Hadji,26,Centre-Forward,Morocco,"
Stade Rennais ", Ligue 1 ,"
AS Nancy ",,"1,80 mil. €","1,60 mil. €"
"Jan 10, 2007",Cristian Ledesma,28,Central Midfield,Argentina,"
Argentinos Jrs. ", Torneo Final ,"
San Lorenzo ",,500 K €,300 K €
"Jan 10, 2007",Björn Lindemann,22,Attacking Midfield,Germany,"
VfB Lübeck ", Regionalliga Nord ,"
1.FC Magdeburg ",,150 K €,Free transfer
"Jan 10, 2007",Mehmet Ali Cakmak,31,Centre-Forward,Turkey,"
Karacabey Bld ", Turkey		,"
M.Kemalpasaspor ",,50 K €,Free transfer
"Jan 10, 2007",Andy Monkhouse,26,Left Midfield,England,"
Swindon Town ", League Two ,"
Hartlepool Utd. ",,50 K €,Free transfer
"Jan 10, 2007",Patricio González,27,Right Midfield,Argentina,"
Beerschot AC ", Jupiler Pro League ,"
Barcelona SC ",,400 K €,Free transfer
"Jan 10, 2007",Levent Kayatekin,27,Defender,Turkey,"
Zeytinburnuspor ", Turkey		,"
Sariyer ",,450 K €,?
"Jan 11, 2007",Erjon Bogdani,29,Centre-Forward,Albania,"
Siena ", Serie A ,"
Chievo Verona ",,"3,25 mil. €","3,00 mil. €"
"Jan 11, 2007",Clint Dempsey,23,Second Striker,United States,"
Revolution ", MLS ,"
Fulham ",,"1,00 mil. €","3,00 mil. €"
"Jan 11, 2007",Djimi Traoré,26,Centre-Back,Mali,"
Charlton ", Premier League ,"
Portsmouth ",,"3,00 mil. €","1,40 mil. €"
"Jan 11, 2007",Jon Stead,23,Centre-Forward,England,"
Sunderland ", Championship ,"
Sheffield Utd. ",,"2,30 mil. €","1,13 mil. €"
"Jan 11, 2007",Peter Whittingham,22,Central Midfield,England,"
Aston Villa ", Premier League ,"
Cardiff ",,850 K €,525 K €
"Jan 11, 2007",Chris Brown,22,Centre-Forward,England,"
Sunderland ", Championship ,"
Norwich ",,400 K €,475 K €
"Jan 11, 2007",David Wright,26,Defensive Midfield,England,"
Wigan ", Premier League ,"
Ipswich ",,600 K €,300 K €
"Jan 11, 2007",Osman Yesilmese,28,Right-Back,Turkey,"
Hatayspor ", Turkey		,"
Maltepespor ",,50 K €,Free transfer
"Jan 11, 2007",Andrés Scotti,31,Centre-Back,Uruguay,"
Rubin Kazan ", Premier Liga ,"
Argentinos Jrs. ",,50 K €,Free transfer
"Jan 11, 2007",Tim Clancy,22,Right-Back,Ireland,"
AFC Hornchurch ", England		,"
Kilmarnock FC ",,50 K €,?
"Jan 12, 2007",Fabio Luciano,31,Centre-Back,Brazil,"
Corinthians ", Série A ,"
1. FC Köln ",,"2,70 mil. €",Free transfer
"Jan 12, 2007",Josef Hranicka,26,Defender,Czech Republic,"
Chmel Blsany ", FNL ,"
FC Chomutov ",,100 K €,?
"Jan 13, 2007",Petter Rudi,33,Central Midfield,Norway,"
Molde FK ", OBOS-ligaen ,"
KAA Gent ",,800 K €,Free transfer
"Jan 14, 2007",Bogdan Lobont,28,Goalkeeper,Romania,"
Fiorentina ", Serie A ,"
Dinamo Bukarest ",,"1,50 mil. €","1,10 mil. €"
"Jan 15, 2007",César Prates,31,Right-Back,Brazil,"
AS Livorno ", Serie A ,"
Chievo Verona ",,"3,00 mil. €",Free transfer
"Jan 15, 2007",Simos Krassas,24,Left Winger,Cyprus,"
Apollon Pontou ", Super League 1 ,"
AEL Limassol ",,600 K €,Free transfer
"Jan 15, 2007",Ken Ilsö,20,Attacking Midfield,Denmark,"
Heerenveen ", Eredivisie ,"
SönderjyskE ",,75 K €,Free transfer
"Jan 15, 2007",Adam Green,23,Left-Back,England,"
Grays Athletic FC ", England		,"
Woking FC ",,350 K €,?
"Jan 15, 2007",Nihat Bastürk,33,Central Midfield,Turkey,"
Without Club ",,"
Fethiyespor ",,850 K €,-
"Jan 16, 2007",Mohamed Zidan,25,Second Striker,Egypt,"
Werder Bremen ", Bundesliga ,"
1.FSV Mainz 05 ",,"3,00 mil. €","2,80 mil. €"
"Jan 16, 2007",Peter Niemeyer,23,Defensive Midfield,Germany,"
FC Twente ", Eredivisie ,"
Werder Bremen ",,"2,50 mil. €",450 K €
"Jan 16, 2007",Tommy Wright,22,Centre-Forward,England,"
Barnsley FC ", Championship ,"
Darlington ",,400 K €,75 K €
"Jan 16, 2007",Maciej Rogalski,26,Left Midfield,Poland,"
KSZO Ostrowiec ", 1 Liga ,"
Lechia Gdansk ",,175 K €,40 K €
"Jan 16, 2007",Peter Endres,23,Defensive Midfield,Germany,"
K'lautern II ", Regionalliga Süd ,"
SV Darmstadt 98 ",,100 K €,Free transfer
"Jan 16, 2007",Zafer Biryol,30,Centre-Forward,Turkey,"
Bursaspor ", Süper Lig ,"
C. Rizespor ",,"1,73 mil. €",Free transfer
"Jan 16, 2007",Iván Hurtado,32,Centre-Back,Ecuador,"
Al Ahli ", Qatar		,"
Atl. Nacional ",,750 K €,Free transfer
"Jan 16, 2007",Mohammed El Berkani,24,Right Winger,Morocco,"
Lierse SK ", Jupiler Pro League ,"
Carl Zeiss Jena ",,300 K €,Free transfer
"Jan 16, 2007",Ahmet Görkem Görk,23,Centre-Back,Turkey,"
Eyüpspor ", Turkey		,"
C. Rizespor ",,225 K €,Free transfer
"Jan 16, 2007",Azmi Polat,23,Central Midfield,Turkey,"
Yalovaspor ", Turkey		,"
Akhisarspor ",,150 K €,Free transfer
"Jan 16, 2007",Erdal Günes,24,Defensive Midfield,Turkey,"
Gaziantepspor ", Süper Lig ,"
Kayserispor ",,"1,75 mil. €",?
"Jan 16, 2007",Filippo Carobbio,27,Central Midfield,Italy,"
Reggina ", Serie A ,"
Genoa ",,450 K €,?
"Jan 16, 2007",Sebastian Deisler,27,Right Midfield,Germany,"
Bayern Munich  ", Bundesliga ,"
Retired ",,"5,00 mil. €",-
"Jan 17, 2007",David Dunn,27,Attacking Midfield,England,"
Birmingham ", Championship ,"
Blackburn ",,"5,50 mil. €","3,20 mil. €"
"Jan 17, 2007",Leonardo Ponzio,24,Defensive Midfield,Argentina,"
Real Zaragoza ", LaLiga ,"
River Plate ",,"1,75 mil. €","3,00 mil. €"
"Jan 17, 2007",Marco Storari,30,Goalkeeper,Italy,"
ACR Messina ", Serie A ,"
AC Milan ",,"1,20 mil. €",850 K €
"Jan 17, 2007",Mathias Florén,30,Left-Back,Sweden,"
FC Groningen ", Eredivisie ,"
Elfsborg ",,600 K €,Free transfer
"Jan 17, 2007",Zafer Özgültekin,31,Goalkeeper,Turkey,"
K. Erciyesspor ", Süper Lig ,"
Eskisehirspor ",,850 K €,Free transfer
"Jan 17, 2007",Okan Koc,24,Right Winger,Turkey,"
Konyaspor ", Süper Lig ,"
Manisaspor ",,"2,00 mil. €",Free transfer
"Jan 17, 2007",Mesut Ünal,33,Centre-Back,Turkey,"
Yesil Bursa ", Turkey		,"
Balikesirspor ",,350 K €,Free transfer
"Jan 17, 2007",Mutlu Kiziltan,25,Attacking Midfield,Turkey,"
Istanbulspor ", 1.Lig ,"
Mardinspor ",,125 K €,?
"Jan 18, 2007",Matthew Upson,27,Centre-Back,England,"
Birmingham ", Championship ,"
West Ham ",,"9,00 mil. €","12,60 mil. €"
"Jan 18, 2007",Ayman Abdelaziz,28,Defensive Midfield,Egypt,"
Genclerbirligi ", Süper Lig ,"
Trabzonspor ",,"1,75 mil. €","1,00 mil. €"
"Jan 18, 2007",Laurén,29,Right-Back,Cameroon,"
Arsenal ", Premier League ,"
Portsmouth ",,"6,50 mil. €",550 K €
"Jan 18, 2007",Matthew Spring,27,Central Midfield,England,"
Watford ", Premier League ,"
Luton ",,300 K €,300 K €
"Jan 18, 2007",Martin Lang,30,Centre-Back,Austria,"
SV Mattersburg ", Bundesliga ,"
SC/ESV Parndorf ",,300 K €,Free transfer
"Jan 18, 2007",Marcelo Sarmiento,27,Central Midfield,Argentina,"
Southampton ", Championship ,"
Argentinos Jrs. ",,500 K €,Free transfer
"Jan 18, 2007",Marcel Mbayo,28,Attacking Midfield,DR Congo,"
Sakaryaspor ", Süper Lig ,"
KSC Lokeren ",,"1,00 mil. €",?
"Jan 18, 2007",Ercan Nasal,23,Defensive Midfield,Turkey,"
Sanliurfaspor  ", Turkey		,"
Siirtspor ",,50 K €,?
"Jan 18, 2007",Rasim Vardar,27,Forward,Turkey,"
Sakaryaspor ", Süper Lig ,"
Turan Spor ",,250 K €,?
"Jan 18, 2007",Miroslaw Szymkowiak,30,Central Midfield,Poland,"
Trabzonspor ", Süper Lig ,"
Retired ",,"4,48 mil. €",-
"Jan 19, 2007",Mladen Pelaic,23,Right-Back,Croatia,"
Standard Liège ", Jupiler Pro League ,"
Hajduk Split ",,400 K €,200 K €
"Jan 19, 2007",Mickael Nicoise,22,Right Winger,Guadeloupe,"
Genclerbirligi ", Süper Lig ,"
Exc. Mouscron ",,"1,50 mil. €",125 K €
"Jan 19, 2007",Dominic Matteo,32,Left-Back,Scotland,"
Blackburn ", Premier League ,"
Stoke City ",,"2,50 mil. €",Free transfer
"Jan 19, 2007",Dragoslav Jevric,32,Goalkeeper,Serbia,"
Osmanlispor ", Süper Lig ,"
M. Tel Aviv ",,"1,00 mil. €",Free transfer
"Jan 19, 2007",Derek Carcary,20,Right Winger,Scotland,"
Rangers ", Premiership ,"
Raith Rovers ",,50 K €,Free transfer
"Jan 19, 2007",Óskar Pétursson,17,Goalkeeper,Iceland,"
Ipswich U18 ", England		,"
Grindavík ",,100 K €,Free transfer
"Jan 19, 2007",Can Parlayan,21,Centre-Forward,Turkey,"
Trabzonspor ", Süper Lig ,"
1461 Trabzon ",,300 K €,Free transfer
"Jan 19, 2007",Eduardo,26,Centre-Forward,Brazil,"
Grasshoppers ", Super League ,"
Guingamp ",,"2,00 mil. €",?
"Jan 19, 2007",Ali Cemal Boztepe,23,Central Midfield,Turkey,"
Zeytinburnuspor ", Turkey		,"
Maltepespor ",,50 K €,?
"Jan 19, 2007",Kemal Ergin,26,Goalkeeper,Turkey,"
Körfez Isk. ", Turkey		,"
Corumspor ",,50 K €,?
"Jan 19, 2007",Gürkan Demirci,24,Forward,Turkey,"
Kasimpasa ", 1.Lig ,"
Bagcilar SK ",,"1,00 mil. €",?
"Jan 19, 2007",Can Emre Yücel,23,Goalkeeper,Turkey,"
Yozgatspor AS ", Turkey		,"
Ankaragücü ",,100 K €,?
"Jan 19, 2007",Takayuki Suzuki,30,Centre-Forward,Japan,"
Red Star ", Super liga Srbije ,"
Yokohama F. M. ",,"2,00 mil. €",?
"Jan 19, 2007",Umut Salginoglu,19,Left Midfield,Turkey,"
Balikesirspor ", Turkey		,"
Merinosspor ",,50 K €,?
"Jan 19, 2007",Seyhun Türe,20,Goalkeeper,Turkey,"
Samsunspor U21 ", Turkey		,"
Ilkadim Yab-Pa ",,150 K €,?
"Jan 19, 2007",Mustafa Akucan,29,Centre-Forward,Turkey,"
Kirsehirspor ", Turkey		,"
Kastamonuspor ",,60 K €,?
"Jan 19, 2007",Süleyman Altuntas,19,Left-Back,Turkey,"
Trabzonspor U21 ", Turkey		,"
1461 Trabzon ",,150 K €,?
"Jan 19, 2007",Bob Taylor,39,Centre-Forward,England,"
Kidderminster ", England		,"
Retired ",,50 K €,-
"Jan 20, 2007",Fernando Cavenaghi,23,Centre-Forward,Argentina,"
Spartak Moscow ", Premier Liga ,"
G. Bordeaux ",,"6,50 mil. €","9,00 mil. €"
"Jan 20, 2007",Neil Barrett,25,Right Midfield,England,"
Livingston FC ", Championship ,"
Woking FC ",,375 K €,Free transfer
"Jan 21, 2007",Ludovic Obraniak,22,Attacking Midfield,Poland,"
FC Metz ", Ligue 2 ,"
LOSC Lille ",,"1,20 mil. €","1,20 mil. €"
"Jan 21, 2007",Baris Özkan,28,Midfielder,Turkey,"
Istanbulspor ", 1.Lig ,"
Türk Telekom ",,200 K €,Free transfer
"Jan 21, 2007",Yassin Mikari,24,Left-Back,Tunisia,"
FC Winterthur ", Challenge League ,"
Grasshoppers ",,125 K €,?
"Jan 22, 2007",Lucas Neill,28,Centre-Back,Australia,"
Blackburn ", Premier League ,"
West Ham ",,"3,00 mil. €","2,30 mil. €"
"Jan 22, 2007",Stephen Warnock,25,Left-Back,England,"
Liverpool ", Premier League ,"
Blackburn ",,"1,80 mil. €","2,25 mil. €"
"Jan 22, 2007",Marco Di Vaio,30,Centre-Forward,Italy,"
Monaco ", Ligue 1 ,"
Genoa ",,"4,50 mil. €","2,00 mil. €"
"Jan 22, 2007",Pawel Abbott,24,Centre-Forward,Poland,"
Huddersfield ", League One ,"
Swansea ",,850 K €,230 K €
"Jan 22, 2007",Paulo César,28,Right Midfield,Brazil,"
Paris SG ", Ligue 1 ,"
Toulouse ",,"1,50 mil. €",Free transfer
"Jan 22, 2007",Yusuf Tokac,33,Central Midfield,Turkey,"
Usakspor ", 1.Lig ,"
Mersin IY ",,300 K €,Free transfer
"Jan 22, 2007",Pétur Haflidi Marteinsson,33,Right-Back,Iceland,"
Hammarby ", Allsvenskan ,"
KR Reykjavík ",,350 K €,Free transfer
"Jan 22, 2007",Jaroslav Drobny,27,Goalkeeper,Czech Republic,"
Without Club ",,"
VfL Bochum ",,800 K €,Free transfer
"Jan 22, 2007",Kürsat Duymus,27,Centre-Back,Turkey,"
Osmanlispor ", Süper Lig ,"
K. Erciyesspor ",,900 K €,Free transfer
"Jan 22, 2007",Leonel Ríos,24,Right Midfield,Argentina,"
Genoa ", Serie B ,"
CA Rosario ",,250 K €,Free transfer
"Jan 22, 2007",Ufuk Es,19,Central Midfield,Turkey,"
MSV Duisburg II ", Oberliga Nordrhein ,"
Hacettepe ",,100 K €,Free transfer
"Jan 22, 2007",Milan Baros,25,Centre-Forward,Czech Republic,"
Aston Villa ", Premier League ,"
Olympique Lyon ",,"9,00 mil. €",?
"Jan 22, 2007",John Carew,27,Centre-Forward,Norway,"
Olympique Lyon ", Ligue 1 ,"
Aston Villa ",,"6,00 mil. €",?
"Jan 22, 2007",Ender Alkan,30,Attacking Midfield,Turkey,"
Maltepespor ", Turkey		,"
Kasimpasa ",,"1,50 mil. €",?
"Jan 22, 2007",Muharrem Kasa,29,Goalkeeper,Turkey,"
Usakspor ", 1.Lig ,"
Arsinspor ",,50 K €,?
"Jan 22, 2007",Yunus Altun,29,Centre-Forward,Turkey,"
Mardinspor ", 1.Lig ,"
Kocaelispor ",,850 K €,?
"Jan 22, 2007",Volkan Öztürk,27,Left-Back,Turkey,"
Maltepespor ", Turkey		,"
A.Sebatspor ",,50 K €,?
"Jan 22, 2007",Sefer Hakan Olgun,31,Goalkeeper,Turkey,"
Eskisehirspor ", 1.Lig ,"
Kocaelispor ",,375 K €,?
"Jan 22, 2007",Taner Gülleri,30,Centre-Forward,Turkey,"
Antalyaspor ", Süper Lig ,"
Kocaelispor ",,50 K €,?
"Jan 22, 2007",Timucin Bayazit,34,Left Midfield,Turkey,"
Without Club ",,"
K. Erciyesspor ",,"1,80 mil. €",-
"Jan 22, 2007",Emre Hamzaoglu,22,Attacking Midfield,Turkey,"
Without Club ",,"
Arsinspor ",,150 K €,-
"Jan 23, 2007",Ashley Young,21,Left Midfield,England,"
Watford ", Premier League ,"
Aston Villa ",,"6,50 mil. €","13,20 mil. €"
"Jan 23, 2007",Ricardo Rocha,28,Centre-Back,Portugal,"
Benfica ", Liga NOS ,"
Spurs ",,"3,60 mil. €","5,00 mil. €"
"Jan 23, 2007",Boris Pandza,20,Centre-Back,Bosnia-Herzegovina,"
Siroki Brijeg ", Premijer Liga ,"
Hajduk Split ",,500 K €,200 K €
"Jan 23, 2007",Luís Vouzela,32,Central Midfield,Portugal,"
Olympiakos N. ", First Division ,"
Niki Volou ",,300 K €,Free transfer
"Jan 23, 2007",Ziya Istek,20,Defender,Turkey,"
Batman Petrol ", Turkey		,"
Kastamonuspor ",,85 K €,Free transfer
"Jan 23, 2007",Hasim Karakas,24,Defender,Austria,"
FC Lustenau ", 2. Liga ,"
FC Dornbirn ",,50 K €,Free transfer
"Jan 23, 2007",Murat Özatak,30,Midfielder,Turkey,"
Tokatspor  ", Turkey		,"
Sanliurfaspor  ",,800 K €,?
"Jan 23, 2007",Hüseyin Ates,21,Attacking Midfield,Turkey,"
Denizlispor ", Süper Lig ,"
Turgutluspor  ",,150 K €,?
"Jan 23, 2007",Bayram Toysal,30,Central Midfield,Turkey,"
Without Club ",,"
Kocaelispor ",,850 K €,-
"Jan 24, 2007",Massimo Oddo,30,Right-Back,Italy,"
Lazio ", Serie A ,"
AC Milan ",,"10,00 mil. €","7,75 mil. €"
"Jan 24, 2007",Jérémy Clément,22,Defensive Midfield,France,"
Rangers ", Premiership ,"
Paris SG ",,"3,50 mil. €","2,00 mil. €"
"Jan 24, 2007",Ersan Tekkan,22,Attacking Midfield,Germany,"
VfL Bochum ", Bundesliga ,"
Antalyaspor ",,150 K €,100 K €
"Jan 24, 2007",Volkan Ünlü,23,Goalkeeper,Turkey,"
Besiktas ", Süper Lig ,"
C. Rizespor ",,400 K €,Free transfer
"Jan 24, 2007",Simon Davies,27,Right Midfield,Wales,"
Everton ", Premier League ,"
Fulham ",,"3,70 mil. €",Free transfer
"Jan 24, 2007",Engin Kalender,22,Centre-Forward,Turkey,"
Wehen Wiesbaden ", Regionalliga Süd ,"
Istanbulspor ",,50 K €,Free transfer
"Jan 24, 2007",Mehmet Polat,28,Centre-Back,Turkey,"
Without Club ",,"
Gaziantepspor ",,750 K €,?
"Jan 24, 2007",Recep Asil,31,Right-Back,Turkey,"
Malatyaspor ", 1.Lig ,"
Altay SK ",,650 K €,?
"Jan 24, 2007",Cem Hallaceli,28,Attacking Midfield,Turkey,"
Mersin IY ", Turkey		,"
Adanaspor ",,50 K €,?
"Jan 24, 2007",Riadh Bouazizi,33,Defensive Midfield,Tunisia,"
K. Erciyesspor ", Süper Lig ,"
CA Bizertin ",,"1,50 mil. €",?
"Jan 24, 2007",Polat Keser,21,Goalkeeper,Turkey,"
VfL Bochum II ", Oberliga Westfalen ,"
Antalyaspor ",,50 K €,?
"Jan 24, 2007",Ömer Ates,25,Left-Back,Turkey,"
K. Erciyesspor ", Süper Lig ,"
Samsunspor ",,250 K €,?
"Jan 24, 2007",Önder Deniz Kolgu,32,Central Midfield,Turkey,"
Kocaelispor ", 1.Lig ,"
Istanbulspor ",,280 K €,?
"Jan 24, 2007",Ercan Güneri,25,Centre-Forward,Turkey,"
Darica GB ", Turkey		,"
Sanliurfa Bld ",,250 K €,?
"Jan 24, 2007",Can Polat,26,Central Midfield,Turkey,"
Mardinspor ", 1.Lig ,"
Elazigspor  ",,350 K €,?
"Jan 25, 2007",Dario Jertec,21,Defensive Midfield,Croatia,"
NK Varazdin ", 1.HNL ,"
Dinamo Zagreb ",,600 K €,650 K €
"Jan 25, 2007",Christopher Samba,22,Centre-Back,Congo,"
Hertha BSC ", Bundesliga ,"
Blackburn ",,500 K €,500 K €
"Jan 25, 2007",Hilmi Mihci,30,Left Winger,Netherlands,"
EN Paralimniou ", First Division ,"
Sivasspor ",,150 K €,Free transfer
"Jan 25, 2007",Hasan Vural,33,Centre-Back,Turkey,"
Berliner AK ", NOFV-Oberliga Nord ,"
Osmanlispor ",,175 K €,Free transfer
"Jan 25, 2007",Ugo Ehiogu,34,Centre-Back,England,"
Middlesbrough ", Premier League ,"
Rangers ",,"3,00 mil. €",Free transfer
"Jan 25, 2007",Vincent Candela,33,Left-Back,France,"
Siena ", Serie A ,"
ACR Messina ",,"1,50 mil. €",Free transfer
"Jan 25, 2007",Alexis Thébaux,21,Goalkeeper,France,"
FC Nantes ", Ligue 1 ,"
Dijon ",,150 K €,Free transfer
"Jan 25, 2007",Aytek Asikoglu,24,Centre-Back,Turkey,"
Gaziantepspor ", Süper Lig ,"
Elazigspor  ",,150 K €,Free transfer
"Jan 25, 2007",Reynir Leósson,27,Defender,Iceland,"
Trelleborg ", Allsvenskan ,"
Fram Reykjavík ",,115 K €,Free transfer
"Jan 25, 2007",Fazli Ulusoy,31,Centre-Forward,Turkey,"
Mersin IY ", Turkey		,"
Elazigspor  ",,"1,85 mil. €",?
"Jan 25, 2007",Cem Yanik,29,Centre-Forward,Turkey,"
Osmanlispor ", Süper Lig ,"
Sakaryaspor ",,"1,00 mil. €",?
"Jan 25, 2007",Ümit Atalay,22,Left Midfield,Turkey,"
Karagümrük ", Turkey		,"
Muglaspor ",,250 K €,?
"Jan 25, 2007",Petar Suto,26,Right Midfield,Croatia,"
HSK Posusje ", Premijer Liga ,"
NK Imotski ",,300 K €,?
"Jan 25, 2007",Thomas Laganda,20,Centre-Back,Austria,"
Schwanenstadt ", 2. Liga ,"
Vöcklabruck ",,75 K €,?
"Jan 25, 2007",Murat Aktas,32,Centre-Forward,Turkey,"
Orduspor ", 1.Lig ,"
Sanliurfaspor  ",,80 K €,?
"Jan 25, 2007",Habip Tok,21,Left Winger,Turkey,"
C. Dardanel ", Turkey		,"
Adanaspor ",,250 K €,?
"Jan 26, 2007",Markus Rosenberg,24,Centre-Forward,Sweden,"
Ajax ", Eredivisie ,"
Werder Bremen ",,"4,50 mil. €","3,00 mil. €"
"Jan 26, 2007",Steve Kabba,25,Centre-Forward,England,"
Sheffield Utd. ", Premier League ,"
Watford ",,100 K €,750 K €
"Jan 26, 2007",Jonathan Walters,23,Right Winger,Ireland,"
Chester City ", League Two ,"
Ipswich ",,100 K €,325 K €
"Jan 26, 2007",Hannes Eder,23,Centre-Back,Austria,"
FC Wacker ", Bundesliga ,"
Rapid Vienna ",,900 K €,50 K €
"Jan 26, 2007",Hakan Bayraktar,30,Defensive Midfield,Turkey,"
Sivasspor ", Süper Lig ,"
Malatyaspor ",,"1,50 mil. €",Free transfer
"Jan 26, 2007",Marc Goodfellow,25,Right Midfield,England,"
Bury ", League Two ,"
Burton Albion ",,50 K €,Free transfer
"Jan 26, 2007",Pascal Mayor,21,Midfielder,Austria,"
Hall ", Regionalliga West ,"
Reutte ",,50 K €,Free transfer
"Jan 26, 2007",Rob Gier,26,Right-Back,Philippines,"
Cambridge Utd. ", England		,"
Woking FC ",,50 K €,Free transfer
"Jan 26, 2007",Metin Depe,26,Centre-Back,Turkey,"
Altay SK ", 1.Lig ,"
Basaksehir ",,500 K €,Free transfer
"Jan 26, 2007",Serkan Özen,30,Attacking Midfield,Turkey,"
Antalyaspor ", Süper Lig ,"
Usakspor ",,200 K €,?
"Jan 26, 2007",Harald Schroll,34,Defender,Austria,"
WSG Tirol ", Regionalliga West ,"
Schwaz ",,275 K €,?
"Jan 26, 2007",Gürkan Izmirlioglu,20,Centre-Forward,Turkey,"
FC Gossau ", 1.Liga gr. 3 ,"
Maltepespor ",,75 K €,?
"Jan 26, 2007",Burhan Coskun,25,Centre-Forward,Turkey,"
K. Erciyesspor ", Süper Lig ,"
Samsunspor ",,150 K €,?
"Jan 26, 2007",Sezar Güner,34,Attacking Midfield,Turkey,"
Burdur Genclik ", Turkey		,"
Mezitlispor ",,75 K €,?
"Jan 26, 2007",Vladimir Petrovic,34,Centre-Forward,Croatia,"
SV Kapfenberg ", 2. Liga ,"
Croatia Sesvete ",,50 K €,?
"Jan 26, 2007",Volkan Sahinel,26,Centre-Forward,Turkey,"
Without Club ",,"
Usakspor ",,200 K €,-
"Jan 26, 2007",Niyazi Güney,32,Right-Back,Turkey,"
Mardinspor ", 1.Lig ,"
Usakspor ",,"1,50 mil. €",
"Jan 27, 2007",Lucas Mareque,24,Left-Back,Argentina,"
River Plate ", Torneo Final ,"
FC Porto ",,500 K €,"1,00 mil. €"
"Jan 27, 2007",Jérémy Henin,29,Centre-Back,France,"
CS Sedan ", Ligue 1 ,"
AC Le Havre ",,"1,00 mil. €",Free transfer
"Jan 28, 2007",Madjid Bougherra,24,Centre-Back,Algeria,"
Sheff Wed ", Championship ,"
Charlton ",,100 K €,"3,79 mil. €"
"Jan 29, 2007",Radoslaw Matusiak,25,Centre-Forward,Poland,"
GKS Belchatow ", Ekstraklasa ,"
Palermo ",,"2,50 mil. €","1,90 mil. €"
"Jan 29, 2007",Mirnel Sadovic,22,Centre-Forward,Austria,"
FC Admira II ", Regional League East ,"
SKN St. Pölten ",,100 K €,Free transfer
"Jan 29, 2007",Cédric Roussel,29,Centre-Forward,Belgium,"
Zulte Waregem ", Jupiler Pro League ,"
Brescia ",,800 K €,Free transfer
"Jan 29, 2007",Serdal Boyraz,31,Defensive Midfield,Turkey,"
Malatyaspor ", 1.Lig ,"
Turan Spor ",,"1,00 mil. €",?
"Jan 29, 2007",Olcay Dogu,30,Midfielder,Turkey,"
Karagümrük ", Turkey		,"
Gebzespor ",,50 K €,?
"Jan 29, 2007",Kerem Inan,26,Goalkeeper,Turkey,"
Samsunspor ", 1.Lig ,"
Turan Spor ",,"1,00 mil. €",?
"Jan 29, 2007",Walter Baseggio,28,Central Midfield,Belgium,"
Treviso ", Serie B ,"
RSC Anderlecht ",,"1,50 mil. €",?
"Jan 29, 2007",Giovanny Espinoza,29,Centre-Back,Ecuador,"
LDU Quito ", Ecuador		,"
Vitesse ",,750 K €,?
"Jan 29, 2007",Oktay Kuday,27,Centre-Forward,Turkey,"
Elazigspor  ", 1.Lig ,"
Tokatspor  ",,75 K €,?
"Jan 29, 2007",Sami Khedira,19,Central Midfield,Germany,"
Stuttgart II ", Regionalliga Süd ,"
VfB Stuttgart ",,700 K €,-
"Jan 30, 2007",Ronaldo,30,Centre-Forward,Brazil,"
Real Madrid ", LaLiga ,"
AC Milan ",,"27,50 mil. €","7,50 mil. €"
"Jan 30, 2007",Zdravko Kuzmanović,19,Central Midfield,Serbia,"
FC Basel ", Super League ,"
Fiorentina ",,800 K €,"3,00 mil. €"
"Jan 30, 2007",Ivica Olic,27,Centre-Forward,Croatia,"
CSKA Moscow ", Premier Liga ,"
Hamburger SV ",,"5,25 mil. €","2,00 mil. €"
"Jan 30, 2007",Damien Grégorini,27,Goalkeeper,France,"
OGC Nice ", Ligue 1 ,"
AS Nancy ",,"1,00 mil. €",800 K €
"Jan 30, 2007",Marco Reich,29,Left Midfield,Germany,"
Crystal Palace ", Championship ,"
K. Offenbach ",,800 K €,775 K €
"Jan 30, 2007",Ahmed Belal,26,Centre-Forward,Egypt,"
Konyaspor ", Süper Lig ,"
El Ahly ",,"1,00 mil. €",250 K €
"Jan 30, 2007",Luke Guttridge,24,Attacking Midfield,England,"
Southend United ", Championship ,"
Leyton Orient ",,275 K €,50 K €
"Jan 30, 2007",Ifeanyi Udeze,26,Left-Back,Nigeria,"
AEK Athens ", Super League 1 ,"
Bendel Ins. ",,"2,00 mil. €",Free transfer
"Jan 30, 2007",Muhammet Akagündüz,29,Centre-Forward,Austria,"
Kayserispor ", Süper Lig ,"
Hellas Verona ",,"1,50 mil. €",Free transfer
"Jan 30, 2007",Andrea Zanchetta,31,Central Midfield,Italy,"
Chievo Verona ", Serie A ,"
Lecce ",,"1,20 mil. €",Free transfer
"Jan 30, 2007",Lamine Sakho,29,Left Winger,Senegal,"
Saint-Étienne ", Ligue 1 ,"
Montpellier ",,500 K €,Free transfer
"Jan 30, 2007",Michael Wojtanowicz,21,Centre-Forward,Austria,"
FC Lustenau ", 2. Liga ,"
SKN St. Pölten ",,50 K €,Free transfer
"Jan 30, 2007",Armin Hobel,30,Centre-Forward,Austria,"
A. Lustenau ", 2. Liga ,"
SK St. Andrä ",,275 K €,Free transfer
"Jan 30, 2007",Tibor Szabó,29,Attacking Midfield,Hungary,"
FC Sopron ", NB I. ,"
Honvéd ",,500 K €,Free transfer
"Jan 30, 2007",François Marque,23,Centre-Back,France,"
FC Baulmes ", Challenge League ,"
FC Basel ",,80 K €,Free transfer
"Jan 30, 2007",Damián Lanza,24,Goalkeeper,Ecuador,"
SD Aucas ", Ecuador		,"
Arezzo ",,500 K €,Free transfer
"Jan 30, 2007",Aykut Akgün,19,Defensive Midfield,Turkey,"
Trabzonspor ", Süper Lig ,"
Zeytinburnuspor ",,325 K €,Free transfer
"Jan 30, 2007",Cafer Aydin,35,Centre-Forward,Turkey,"
Eskisehirspor ", 1.Lig ,"
Erzincanspor ",,300 K €,?
"Jan 30, 2007",Ziya Sahin,30,Right-Back,Turkey,"
Yesil Bursa ", Turkey		,"
Karabükspor ",,150 K €,?
"Jan 30, 2007",Serkan Sütlü,21,Centre-Forward,Turkey,"
Erzincanspor ", Turkey		,"
Ofspor ",,50 K €,?
"Jan 30, 2007",Mirko Cudini,33,Centre-Back,Italy,"
Ascoli ", Serie A ,"
LR Vicenza ",,200 K €,?
"Jan 30, 2007",Andrea Sussi,33,Left-Back,Italy,"
Perugia ", Serie C - B ,"
Arezzo ",,300 K €,?
"Jan 30, 2007",Antonio Morello,30,Right Winger,Italy,"
Giulianova ", Serie C - B ,"
Ternana ",,300 K €,?
"Jan 30, 2007",Stefano Lombardi,30,Centre-Back,Italy,"
Arezzo ", Serie B ,"
Ascoli ",,50 K €,?
"Jan 30, 2007",Predrag Zivanovic,25,Goalkeeper,Austria,"
Rankweil ", Regionalliga West ,"
Lauterach ",,50 K €,?
"Jan 31, 2007",Olivier Thomert,26,Left Midfield,Martinique,"
Lens ", Ligue 1 ,"
Stade Rennais ",,"6,50 mil. €","4,50 mil. €"
"Jan 31, 2007",Péguy Luyindula,27,Centre-Forward,France,"
Marseille ", Ligue 1 ,"
Paris SG ",,"5,00 mil. €","4,00 mil. €"
"Jan 31, 2007",Álvaro Arbeloa,24,Right-Back,Spain,"
Dep. La Coruña ", LaLiga ,"
Liverpool ",,"1,30 mil. €","3,90 mil. €"
"Jan 31, 2007",Paul Hartley,30,Central Midfield,Scotland,"
Heart of Midl. ", Premiership ,"
Celtic ",,"1,75 mil. €","1,66 mil. €"
"Jan 31, 2007",Michael Duberry,31,Centre-Back,England,"
Stoke City ", Championship ,"
Reading ",,"2,25 mil. €","1,50 mil. €"
"Jan 31, 2007",Olivier Monterrubio,30,Left Midfield,France,"
Stade Rennais ", Ligue 1 ,"
Lens ",,"6,50 mil. €","1,50 mil. €"
"Jan 31, 2007",Shaun Maloney,24,Attacking Midfield,Scotland,"
Celtic ", Premiership ,"
Aston Villa ",,"3,00 mil. €","1,50 mil. €"
"Jan 31, 2007",Sebastian Larsson,21,Central Midfield,Sweden,"
Arsenal ", Premier League ,"
Birmingham ",,400 K €,"1,50 mil. €"
"Jan 31, 2007",Gareth Williams,25,Central Midfield,Scotland,"
Leicester ", Championship ,"
Watford ",,"1,00 mil. €","1,25 mil. €"
"Jan 31, 2007",Anthony Obodai,24,Defensive Midfield,Ghana,"
Sparta R. ", Eredivisie ,"
RKC Waalwijk ",,"1,00 mil. €",750 K €
"Jan 31, 2007",Seyfo Soley,26,Defensive Midfield,The Gambia,"
KRC Genk ", Jupiler Pro League ,"
Preston NE ",,700 K €,375 K €
"Jan 31, 2007",Steven Caldwell,26,Centre-Back,Scotland,"
Sunderland ", Championship ,"
Burnley ",,"1,75 mil. €",300 K €
"Jan 31, 2007",Simon Lappin,24,Central Midfield,Scotland,"
St. Mirren ", Premiership ,"
Norwich ",,450 K €,250 K €
"Jan 31, 2007",Mehmet Akgün,20,Central Midfield,Turkey,"
B. Dortmund II ", Regionalliga Nord ,"
Willem II ",,75 K €,150 K €
"Jan 31, 2007",Markus Karl,20,Defensive Midfield,Germany,"
Hamburger SV ", Bundesliga ,"
Greuther Fürth ",,250 K €,100 K €
"Jan 31, 2007",Gifton Noel-Williams,27,Centre-Forward,England,"
Burnley ", Championship ,"
Real Murcia ",,425 K €,75 K €
"Jan 31, 2007",Philipp Weissenberger,23,Midfielder,Austria,"
Schwanenstadt ", 2. Liga ,"
SAK Klagenfurt ",,150 K €,Free transfer
"Jan 31, 2007",Tobias Kurbjuweit,24,Right Midfield,Germany,"
Union Berlin II ", Germany		,"
TeBe Berlin ",,100 K €,Free transfer
"Jan 31, 2007",Alexander Schriebl,28,Attacking Midfield,Austria,"
A. Lustenau ", 2. Liga ,"
Schwanenstadt ",,225 K €,Free transfer
"Jan 31, 2007",Volkan Kahraman,27,Attacking Midfield,Austria,"
ASK Schwadorf ", Regional League East ,"
Eisenstadt ",,200 K €,Free transfer
"Jan 31, 2007",Alexander Hörtnagl,26,Central Midfield,Austria,"
FC Wacker ", Bundesliga ,"
WSG Tirol ",,250 K €,Free transfer
"Jan 31, 2007",Milenko Acimovic,29,Left Midfield,Slovenia,"
Ittihad ", Saudi Arabia		,"
Austria Vienna ",,"3,00 mil. €",Free transfer
"Jan 31, 2007",Daryl McMahon,24,Attacking Midfield,Ireland,"
Leyton Orient ", League One ,"
Stevenage ",,50 K €,Free transfer
"Jan 31, 2007",David Thompson,29,Right Midfield,England,"
Portsmouth ", Premier League ,"
Bolton ",,"2,75 mil. €",Free transfer
"Jan 31, 2007",Patrick Jovanovic,33,Sweeper,Austria,"
SV Horn ", LL Niederösterreich ,"
Vösendorf ",,200 K €,Free transfer
"Feb 1, 2007",Mauro Rosales,25,Right Midfield,Argentina,"
Ajax ", Eredivisie ,"
River Plate ",,"3,50 mil. €","1,80 mil. €"
"Feb 1, 2007",Andy Keogh,20,Centre-Forward,Ireland,"
Scunthorpe Utd. ", League One ,"
Wolves ",,50 K €,900 K €
"Feb 1, 2007",Thiago Ribeiro,20,Left Winger,Brazil,"
São Paulo ", Série A ,"
Al Rayyan ",,500 K €,650 K €
"Feb 1, 2007",Amir Azmi Megahed,23,Centre-Back,Egypt,"
PAOK Salonika ", Super League 1 ,"
Shabab ",,"1,50 mil. €",600 K €
"Feb 1, 2007",Carlo Nash,33,Goalkeeper,England,"
Preston NE ", Championship ,"
Wigan ",,500 K €,450 K €
"Feb 1, 2007",Tomas Backman,26,Left Midfield,Sweden,"
Djurgarden ", Allsvenskan ,"
Jönköping ",,115 K €,400 K €
"Feb 1, 2007",Dany N'Guessan,19,Centre-Forward,France,"
Rangers ", Premiership ,"
Lincoln City ",,50 K €,375 K €
"Feb 1, 2007",Toni Kallio,28,Centre-Back,Finland,"
Molde FK ", OBOS-ligaen ,"
BSC Young Boys ",,500 K €,310 K €
"Feb 1, 2007",Ciprian Petre,26,Left Winger,Romania,"
Jiul Petrosani ", Liga 1 ,"
Unirea Urziceni ",,100 K €,300 K €
"Feb 1, 2007",Nathan Doyle,20,Defensive Midfield,England,"
Derby ", Championship ,"
Hull City ",,100 K €,225 K €
"Feb 1, 2007",Martin Vozabal,28,Central Midfield,Czech Republic,"
Slovácko ", Fortuna Liga ,"
FK Most ",,400 K €,100 K €
"Feb 1, 2007",Sampo Koskinen,27,Left-Back,Finland,"
FC Honka ", Veikkausliiga ,"
Sandefjord ",,500 K €,80 K €
"Feb 1, 2007",Rui Miguel,23,Attacking Midfield,Portugal,"
SL Nelas ", Portugal		,"
Zaglebie Lubin ",,250 K €,25 K €
"Feb 1, 2007",Conor Casey,25,Centre-Forward,United States,"
1.FSV Mainz 05 ", Bundesliga ,"
Toronto FC ",,700 K €,Free transfer
"Feb 1, 2007",Julian Reinard,23,Goalkeeper,Germany,"
FC Wil 1900 ", Challenge League ,"
BSV Schwenningen ",,100 K €,Free transfer
"Feb 1, 2007",Mathias Koch,24,Right-Back,Germany,"
TSV 1927 Haldorf ", Germany		,"
Osnabrück II ",,150 K €,Free transfer
"Feb 1, 2007",Grégory Duruz,29,Left-Back,Switzerland,"
NZ Knights FC ", A-League ,"
FC Chiasso ",,300 K €,Free transfer
"Feb 1, 2007",Curtis Woodhouse,26,Attacking Midfield,England,"
Grimsby Town ", League Two ,"
Rush. & Diamon. ",,900 K €,Free transfer
"Feb 1, 2007",Kangana N'Diwa,22,Defender,DR Congo,"
Worthing FC ", England		,"
Montrose ",,250 K €,Free transfer
"Feb 1, 2007",Dean Kiely,36,Goalkeeper,Ireland,"
Portsmouth ", Premier League ,"
West Brom ",,"1,20 mil. €",Free transfer
"Feb 1, 2007",Khalilou Fadiga,32,Left Winger,Senegal,"
Al Wakrah ", Qatar		,"
Coventry ",,"1,85 mil. €",Free transfer
"Feb 1, 2007",Ibrahima Bakayoko,30,Centre-Forward,Cote d'Ivoire,"
AS Livorno ", Serie A ,"
ACR Messina ",,"2,50 mil. €",Free transfer
"Feb 1, 2007",Jon Macken,29,Centre-Forward,Ireland,"
Crystal Palace ", Championship ,"
Derby ",,"2,25 mil. €",Free transfer
"Feb 1, 2007",Fabrice Fernandes,27,Left Winger,France,"
B. Jerusalem ", Ligat ha'Al ,"
Dinamo Bukarest ",,"1,80 mil. €",Free transfer
"Feb 1, 2007",Kalle Sone,24,Right Winger,Cameroon,"
Unirea Urziceni ", Liga 1 ,"
FCM Campina ",,600 K €,Free transfer
"Feb 2, 2007",Iván Kaviedes,29,Centre-Forward,Ecuador,"
Barcelona SC ", Ecuador		,"
CD El Nacional ",,900 K €,Free transfer
"Feb 2, 2007",Geovanny Caicedo,25,Centre-Back,Ecuador,"
Barcelona SC ", Ecuador		,"
CS Emelec ",,"1,00 mil. €",Free transfer
"Feb 2, 2007",Marlon Ayoví,35,Defensive Midfield,Ecuador,"
Uni. Católica ", Ecuador		,"
Barcelona SC ",,500 K €,Free transfer
"Feb 2, 2007",Christian Lara,26,Attacking Midfield,Ecuador,"
Al Wakrah ", Qatar		,"
LDU Quito ",,300 K €,?
"Feb 2, 2007",José Luis Cortez,27,Centre-Back,Ecuador,"
CD Espoli ", Ecuador		,"
Barcelona SC ",,350 K €,?
"Feb 5, 2007",Lucian Sanmartean,26,Central Midfield,Romania,"
Panathinaikos ", Super League 1 ,"
FC Utrecht ",,650 K €,Free transfer
"Feb 5, 2007",Roberto Brown,29,Centre-Forward,Panama,"
Tacuarembó ", Uruguay		,"
Colorado ",,400 K €,?
"Feb 5, 2007",Arjan van der Laan,37,Attacking Midfield,Netherlands,"
SC Feyenoord ", Netherlands		,"
Retired ",,200 K €,-
"Feb 6, 2007",Ahmed Al-Bahri,26,Right-Back,Saudi Arabia,"
Al-Ettifaq ", Saudi Arabia		,"
Al-Nassr ",,450 K €,?
"Feb 7, 2007",Sergio Sagarzazu,19,Left-Back,Argentina,"
River Plate U20 ", Argentina		,"
Wilhelmshaven ",,50 K €,Free transfer
"Feb 8, 2007",Jurica Puljiz,27,Centre-Back,Croatia,"
Siroki Brijeg ", Premijer Liga ,"
SCR Altach ",,100 K €,Free transfer
"Feb 8, 2007",Patrik Redo,25,Left Midfield,Sweden,"
Trelleborg ", Allsvenskan ,"
Fram Reykjavík ",,300 K €,Free transfer
"Feb 9, 2007",Ray Parlour,33,Central Midfield,England,"
Middlesbrough ", Premier League ,"
Hull City ",,"3,50 mil. €",Free transfer
"Feb 9, 2007",Agustín Delgado,32,Centre-Forward,Ecuador,"
LDU Quito ", Ecuador		,"
NY Red Bulls ",,"1,00 mil. €",Free transfer
"Feb 9, 2007",Michal Hanek,26,Centre-Back,Slovakia,"
Sparta Praha ", Fortuna Liga ,"
Slo. Bratislava ",,200 K €,?
"Feb 9, 2007",Dusan Tesarik,30,Left Midfield,Czech Republic,"
FK Teplice ", Fortuna Liga ,"
1.FK Pribram ",,450 K €,?
"Feb 10, 2007",Ross Chisholm,19,Central Midfield,Scotland,"
Hibernian FC U20 ", Scotland		,"
Hibernian FC ",,50 K €,-
"Feb 11, 2007",Kenneth Udjus,23,Goalkeeper,Norway,"
FK Arendal ", Norway		,"
SK Brann ",,100 K €,Free transfer
"Feb 11, 2007",Luigi Glombard,22,Right Winger,France,"
Leicester ", Championship ,"
Cardiff ",,800 K €,?
"Feb 13, 2007",Pascal Zuberbühler,36,Goalkeeper,Switzerland,"
West Brom ", Championship ,"
Xamax ",,"1,00 mil. €",Free transfer
"Feb 13, 2007",Roman Ellensohn,23,Right Midfield,Austria,"
Hohenems ", Regionalliga West ,"
Eschen-Mauren ",,50 K €,Free transfer
"Feb 14, 2007",Nenad Stojanovic,27,Centre-Forward,Serbia,"
RWDM Brussels ", Jupiler Pro League ,"
Luch ",,700 K €,Free transfer
"Feb 14, 2007",Altay Can,36,Left-Back,Turkey,"
Burdur Genclik ", Turkey		,"
Karacabeyspor ",,40 K €,?
"Feb 14, 2007",Vasilios Tsiartas,34,Attacking Midfield,Greece,"
Ethn. Piraeus ", Football League ,"
Retired ",,"1,50 mil. €",-
"Feb 15, 2007",Emile Mpenza,28,Centre-Forward,Belgium,"
Al Rayyan ", Qatar		,"
Man City ",,"2,50 mil. €",Free transfer
"Feb 15, 2007",Ivan Knez,32,Centre-Back,Switzerland,"
FC Augsburg ", 2. Bundesliga ,"
SC Emmen ",,200 K €,Free transfer
"Feb 15, 2007",Erkan Öz,23,Forward,Turkey,"
Osmaniyespor ", Turkey		,"
Oguzhanspor ",,50 K €,?
"Feb 16, 2007",Ivan Kristo,27,Centre-Forward,Austria,"
NK Novalja ", Croatia		,"
Rankweil ",,50 K €,Free transfer
"Feb 16, 2007",Richard Carpenter,34,Central Midfield,England,"
Brighton ", League One ,"
Welling ",,200 K €,Free transfer
"Feb 20, 2007",Gonzalo Sorondo,27,Centre-Back,Uruguay,"
Charlton ", Premier League ,"
Defensor ",,"2,50 mil. €",Free transfer
"Feb 21, 2007",Bence Tarcsa,22,Centre-Forward,Hungary,"
Budafoki LC ", Hungary		,"
Dunaujvaros FC ",,150 K €,Free transfer
"Feb 22, 2007",Marco Pérez,28,Defensive Midfield,Liechtenstein,"
FC Vaduz ", Challenge League ,"
Eisenstadt ",,150 K €,Free transfer
"Feb 23, 2007",Dietmar Berchtold,32,Central Midfield,Austria,"
Farul ", Liga 1 ,"
Grazer AK 1902 ",,600 K €,Free transfer
"Feb 24, 2007",Ole Tobiasen,31,Centre-Back,Denmark,"
Sandefjord ", Eliteserien ,"
MVV Maastricht ",,"1,00 mil. €",Free transfer
"Feb 28, 2007",Anatoliy Tymoshchuk,27,Defensive Midfield,Ukraine,"
Shakhtar D. ", Premier Liga ,"
Zenit S-Pb ",,"6,00 mil. €","14,50 mil. €"
"Feb 28, 2007",Joseph Dayo Oshadogan,30,Centre-Back,Italy,"
Ternana ", Serie C - B ,"
Widzew Lodz ",,350 K €,Free transfer
"Feb 28, 2007",Blerim Ibrahimi,23,Central Midfield,Kosovo,"
FC Herisau ", 1.Liga gr. 3 ,"
Rankweil ",,50 K €,Free transfer
"Feb 28, 2007",Dennis Serban,31,Central Midfield,Romania,"
Dinamo Bukarest ", Liga 1 ,"
Retired ",,800 K €,-
"Mar 1, 2007",Stipe Pletikosa,28,Goalkeeper,Croatia,"
Shakhtar D. ", Premier Liga ,"
Spartak Moscow ",,"2,50 mil. €","2,50 mil. €"
"Mar 1, 2007",Konstantin Zyryanov,29,Central Midfield,Russia,"
Torpedo Moscow ", 1.Division ,"
Zenit S-Pb ",,50 K €,"2,50 mil. €"
"Mar 1, 2007",Miranda,22,Centre-Back,Brazil,"
FC Sochaux ", Ligue 1 ,"
São Paulo ",,"2,50 mil. €","1,20 mil. €"
"Mar 1, 2007",Juninho Paulista,34,Attacking Midfield,Brazil,"
Palmeiras ", Série A ,"
Flamengo ",,"4,50 mil. €",700 K €
"Mar 1, 2007",Gonzalo Martínez,31,Right-Back,Colombia,"
Libertad ", Paraguay		,"
Millonarios ",,100 K €,500 K €
"Mar 1, 2007",Darryl Duffy,22,Centre-Forward,Scotland,"
Hull City ", Championship ,"
Swansea ",,250 K €,300 K €
"Mar 1, 2007",Darko Matic,26,Defensive Midfield,Croatia,"
FC Senec ", Fortuna Liga ,"
TJ Teda ",,200 K €,250 K €
"Mar 1, 2007",Ryan Smith,20,Left Winger,England,"
Derby ", Championship ,"
Millwall ",,250 K €,225 K €
"Mar 1, 2007",Andy Welsh,23,Left Midfield,Scotland,"
Sunderland ", Championship ,"
Toronto FC ",,500 K €,200 K €
"Mar 1, 2007",Sabin Ilie,31,Centre-Forward,Romania,"
Iraklis ", Super League 1 ,"
UTA Arad ",,400 K €,100 K €
"Mar 1, 2007",Vladimir Voskoboinikov,24,Centre-Forward,Estonia,"
FCI Levadia ", Premium Liiga ,"
Torpedo Moscow ",,300 K €,100 K €
"Mar 1, 2007",André Bergdölmo,35,Centre-Back,Norway,"
FC Copenhagen ", Superligaen ,"
Strømsgodset ",,500 K €,50 K €
"Mar 1, 2007",Jan Tauer,23,Left-Back,Germany,"
E. Braunschweig ", 2. Bundesliga ,"
Djurgarden ",,450 K €,50 K €
"Mar 1, 2007",Nii Lamptey,32,Attacking Midfield,Ghana,"
Asante Kotoko ", Ghana		,"
Jomo Cosmos ",,400 K €,Free transfer
"Mar 1, 2007",Everaldo,32,Centre-Back,Brazil,"
Metropolitano ", Brazil		,"
Marília ",,200 K €,Free transfer
"Mar 1, 2007",Jesús Sinisterra,31,Left-Back,Colombia,"
Nueva Chicago ", Torneo Final ,"
Deportes Tolima ",,350 K €,Free transfer
"Mar 1, 2007",Sebastián Rozental,30,Attacking Midfield,Chile,"
Columbus Crew ", MLS ,"
M. Petah Tikva ",,"2,00 mil. €",Free transfer
"Mar 1, 2007",Nobutaka Suzuki,23,Left-Back,Japan,"
Eintracht Trier ", Oberliga Südwest ,"
Shonan Bellmare ",,75 K €,Free transfer
"Mar 1, 2007",Ivan Benito,30,Goalkeeper,Switzerland,"
Juve Stabia ", Serie C - B ,"
FC Aarau ",,200 K €,Free transfer
"Mar 1, 2007",Michael Proctor,26,Centre-Forward,England,"
Hartlepool Utd. ", League Two ,"
Wrexham ",,200 K €,Free transfer
"Mar 1, 2007",Laurent Leroy,30,Centre-Forward,France,"
US Créteil ", Ligue 2 ,"
SH Shenhua ",,900 K €,Free transfer
"Mar 1, 2007",Rodrigo Fabri,31,Central Midfield,Brazil,"
São Paulo ", Série A ,"
Paulista FC ",,"5,00 mil. €",Free transfer
"Mar 1, 2007",Mo Ross,26,Right-Back,Scotland,"
Millwall ", League One ,"
Viking FK ",,500 K €,Free transfer
"Mar 1, 2007",Dean Gordon,34,Left-Back,England,"
NZ Knights FC ", A-League ,"
Torquay United ",,600 K €,Free transfer
"Mar 1, 2007",Ola Tidman,27,Goalkeeper,Sweden,"
Herning Fremad ", Denmark		,"
Derry City ",,125 K €,Free transfer
"Mar 2, 2007",Nordin Wooter,29,Right Winger,Netherlands,"
Sivasspor ", Süper Lig ,"
AEK Larnaca ",,"1,50 mil. €",Free transfer
"Mar 2, 2007",Anthony Danze,22,Midfielder,Australia,"
Inglewood Utd ", Australia		,"
Perth Glory ",,400 K €,Free transfer
"Mar 3, 2007",Veljko Paunovic,29,Centre-Forward,Serbia,"
Getafe ", LaLiga ,"
Rubin Kazan ",,"2,25 mil. €",800 K €
"Mar 4, 2007",Joe Healy,20,Left Winger,England,"
Fisher Athletic ", England		,"
Yeading FC ",,50 K €,Free transfer
"Mar 5, 2007",Hasan Kacic,30,Left-Back,Croatia,"
Lierse SK ", Jupiler Pro League ,"
NK Istra ",,550 K €,Free transfer
"Mar 8, 2007",Gert Claessens,35,Left Midfield,Belgium,"
Lierse SK ", Jupiler Pro League ,"
Retired ",,250 K €,-
"Mar 10, 2007",Zvonko Milojevic,35,Goalkeeper,Serbia,"
KSC Lokeren ", Jupiler Pro League ,"
Retired ",,500 K €,-
"Mar 12, 2007",Abdullah Cöl,33,Centre-Back,Turkey,"
Yozgatspor AS ", Turkey		,"
Retired ",,50 K €,-
"Mar 13, 2007",Houssine Kharja,24,Central Midfield,Morocco,"
Ternana ", Serie C - B ,"
Piacenza ",,800 K €,Free transfer
"Mar 14, 2007",Ramiro Corrales,30,Left-Back,United States,"
HamKam ", OBOS-ligaen ,"
SK Brann ",,400 K €,Free transfer
"Mar 15, 2007",Nicola Ravaglia,18,Goalkeeper,Italy,"
Cesena U19 ", Italy		,"
Cesena ",,50 K €,-
"Mar 16, 2007",Imad Chhadeh,27,Central Midfield,Syria,"
Løv-Ham ", OBOS-ligaen ,"
Brommapojkarna ",,325 K €,?
"Mar 17, 2007",Jan Gunnar Solli,25,Right-Back,Norway,"
Rosenborg BK ", Eliteserien ,"
SK Brann ",,"1,00 mil. €",750 K €
"Mar 19, 2007",David Hannah,33,Defensive Midfield,Scotland,"
Grindavík ", Iceland		,"
Fylkir ",,50 K €,Free transfer
"Mar 20, 2007",Matt Jordan,31,Goalkeeper,United States,"
Colorado ", MLS ,"
Montreal Impact ",,200 K €,Free transfer
"Mar 20, 2007",Edwin Tenorio,30,Defensive Midfield,Ecuador,"
Barcelona SC ", Ecuador		,"
LDU Quito ",,450 K €,?
"Mar 20, 2007",André Niederhäuser,29,Defender,Switzerland,"
FC Grenchen ", 1.Liga gr. 2 ,"
Retired ",,75 K €,-
"Mar 21, 2007",Jon Busch,30,Goalkeeper,United States,"
Toronto FC ", MLS ,"
Chicago Fire ",,400 K €,draft
"Mar 22, 2007",Warren Feeney,26,Centre-Forward,Northern Ireland,"
Luton ", Championship ,"
Cardiff ",,500 K €,110 K €
"Mar 22, 2007",Craig Hignett,37,Right Winger,England,"
Spennymoor United ", England		,"
Hartlepool Utd. ",,300 K €,Free transfer
"Mar 22, 2007",Luigi Glombard,22,Right Winger,France,"
Cardiff ", Championship ,"
Oldham Athletic ",,800 K €,Free transfer
"Mar 22, 2007",Michael Phillips,24,Midfielder,England,"
Crawley Town ", England		,"
Ramsgate ",,50 K €,Free transfer
"Mar 22, 2007",Darryl Knights,18,Forward,England,"
Ipswich U18 ", England		,"
Yeovil Town ",,50 K €,Free transfer
"Mar 28, 2007",György Rézmányi,23,Left Midfield,Hungary,"
Grund FC ", Hungary		,"
Steinkjer FK ",,50 K €,Free transfer
"Mar 29, 2007",André Schei Lindbæk,29,Centre-Forward,Norway,"
Hafnarfjördur ", Pepsi Max deild ,"
Köge BK ",,550 K €,Free transfer
"Mar 31, 2007",Patrick Bannister,23,Centre-Forward,England,"
Stafford Rangers ", England		,"
Gresley ",,50 K €,Free transfer
"Apr 1, 2007",Dagoberto,24,Centre-Forward,Brazil,"
Athletico-PR ", Série A ,"
São Paulo ",,"5,50 mil. €","1,90 mil. €"
"Apr 1, 2007",Matías Almeyda,33,Defensive Midfield,Argentina,"
Quilmes ", Torneo Final ,"
FK Lyn ",,"1,00 mil. €",750 K €
"Apr 1, 2007",Razak Pimpong,24,Right Midfield,Ghana,"
FC Copenhagen ", Superligaen ,"
Viking FK ",,"1,20 mil. €",500 K €
"Apr 1, 2007",Joe Keenan,24,Left-Back,England,"
Willem II ", Eredivisie ,"
Melbourne ",,600 K €,250 K €
"Apr 1, 2007",Pavel Londak,26,Goalkeeper,Estonia,"
FC Flora ", Premium Liiga ,"
Bodø/Glimt ",,50 K €,200 K €
"Apr 1, 2007",Márcio Amoroso,32,Centre-Forward,Brazil,"
Corinthians ", Série A ,"
Grêmio ",,"1,50 mil. €",Free transfer
"Apr 1, 2007",Maycoll Canizales-Smith,24,Left-Back,Canada,"
FC Oberneuland ", Oberliga Nord ,"
Toronto FC ",,150 K €,Free transfer
"Apr 1, 2007",Alan Wright,35,Left-Back,England,"
Sheffield Utd. ", Premier League ,"
Nottm Forest ",,"1,00 mil. €",Free transfer
"Apr 1, 2007",Christian,31,Centre-Forward,Brazil,"
Corinthians ", Série A ,"
Internacional ",,"3,00 mil. €",Free transfer
"Apr 1, 2007",Tonton Zola Moukoko,23,Midfielder,DR Congo,"
Carlstad United ", Sweden		,"
IK Sleipner ",,500 K €,Free transfer
"Apr 1, 2007",Danny Dichio,32,Centre-Forward,England,"
Preston NE ", Championship ,"
Toronto FC ",,"1,75 mil. €",Free transfer
"Apr 1, 2007",Selver Hodzic,28,Centre-Back,Bosnia-Herzegovina,"
FC Thun ", Super League ,"
Bnei Yehuda ",,550 K €,Free transfer
"Apr 1, 2007",Simon Royce,35,Goalkeeper,England,"
QPR ", Championship ,"
Gillingham FC ",,250 K €,Free transfer
"Apr 1, 2007",Giovanni,35,Centre-Forward,Brazil,"
Ethn. Piraeus ", Football League ,"
Sport Recife ",,"1,00 mil. €",Free transfer
"Apr 1, 2007",Ahmed Samir Farag,20,Left-Back,Egypt,"
FC Sochaux B ", France		,"
Ismaily ",,100 K €,Free transfer
"Apr 1, 2007",Ibrahim Atiku,23,Right Midfield,Ghana,"
Assyriska FF ", Sweden		,"
Sylvia ",,150 K €,Free transfer
"Apr 1, 2007",Garba Lawal,32,Left Midfield,Nigeria,"
Bridge FC ", Nigeria		,"
GZ R&F ",,750 K €,Free transfer
"Apr 1, 2007",Johan Nilsson Guiomar,22,Centre-Back,Sweden,"
Malmö FF ", Allsvenskan ,"
Kongsvinger ",,150 K €,Free transfer
"Apr 1, 2007",Kojo Poku,21,Right Midfield,Ghana,"
IfS (FCM II) ", Denmark		,"
Asante Kotoko ",,125 K €,Free transfer
"Apr 1, 2007",Aleksandar Bajevski,27,Centre-Forward,North Macedonia,"
Gornik Leczna ", Ekstraklasa ,"
Al Ahli ",,350 K €,Free transfer
"Apr 1, 2007",Juan Manuel Azconzábal,32,Centre-Back,Argentina,"
A. Bucaramanga ", Colombia		,"
CA Rosario ",,300 K €,Free transfer
"Apr 1, 2007",Alessandro,25,Centre-Forward,Brazil,"
Vasco da Gama ", Série A ,"
Ipatinga FC ",,500 K €,Free transfer
"Apr 1, 2007",Neneca,26,Goalkeeper,Brazil,"
Rio Branco-MG ", Brazil		,"
Santo André ",,175 K €,Free transfer
"Apr 1, 2007",Jurica Vucko,30,Centre-Forward,Croatia,"
Hajduk Split ", 1.HNL ,"
TJ Teda ",,275 K €,Free transfer
"Apr 1, 2007",Grant Smith,26,Defensive Midfield,Scotland,"
Dundee United ", Premiership ,"
HJK Helsinki ",,150 K €,Free transfer
